<?xml version="1.0" encoding="UTF-8"?>
<project name="gol3" default="all">
  
  
  <property file="gol3.properties"/>
  <!-- Uncomment the following property if no tests compilation is needed -->
  <!-- 
  <property name="skip.tests" value="true"/>
   -->
  
  <!-- Compiler options -->
  
  <property name="compiler.debug" value="on"/>
  <property name="compiler.generate.no.warnings" value="off"/>
  <property name="compiler.args" value=""/>
  <property name="compiler.max.memory" value="700m"/>
  <patternset id="ignored.files">
    <exclude name="**/*.hprof/**"/>
    <exclude name="**/*.pyc/**"/>
    <exclude name="**/*.pyo/**"/>
    <exclude name="**/*.rbc/**"/>
    <exclude name="**/*~/**"/>
    <exclude name="**/.DS_Store/**"/>
    <exclude name="**/.bundle/**"/>
    <exclude name="**/.git/**"/>
    <exclude name="**/.hg/**"/>
    <exclude name="**/.svn/**"/>
    <exclude name="**/.tox/**"/>
    <exclude name="**/CVS/**"/>
    <exclude name="**/RCS/**"/>
    <exclude name="**/SCCS/**"/>
    <exclude name="**/__pycache__/**"/>
    <exclude name="**/_svn/**"/>
    <exclude name="**/rcs/**"/>
    <exclude name="**/vssver.scc/**"/>
    <exclude name="**/vssver2.scc/**"/>
  </patternset>
  <patternset id="library.patterns">
    <include name="*.zip"/>
    <include name="*.apk"/>
    <include name="*.war"/>
    <include name="*.egg"/>
    <include name="*.ear"/>
    <include name="*.ane"/>
    <include name="*.swc"/>
    <include name="*.jar"/>
  </patternset>
  <patternset id="compiler.resources">
    <exclude name="**/?*.java"/>
    <exclude name="**/?*.form"/>
    <exclude name="**/?*.class"/>
    <exclude name="**/?*.groovy"/>
    <exclude name="**/?*.scala"/>
    <exclude name="**/?*.flex"/>
    <exclude name="**/?*.kt"/>
    <exclude name="**/?*.clj"/>
    <exclude name="**/?*.aj"/>
  </patternset>
  
  <!-- JDK definitions -->
  
  <property name="jdk.bin.1.8" value="${jdk.home.1.8}/bin"/>
  <path id="jdk.classpath.1.8">
    <fileset dir="${jdk.home.1.8}">
      <include name="jre/lib/charsets.jar"/>
      <include name="jre/lib/deploy.jar"/>
      <include name="jre/lib/javaws.jar"/>
      <include name="jre/lib/jce.jar"/>
      <include name="jre/lib/jfr.jar"/>
      <include name="jre/lib/jfxswt.jar"/>
      <include name="jre/lib/jsse.jar"/>
      <include name="jre/lib/management-agent.jar"/>
      <include name="jre/lib/plugin.jar"/>
      <include name="jre/lib/resources.jar"/>
      <include name="jre/lib/rt.jar"/>
      <include name="jre/lib/ext/access-bridge-64.jar"/>
      <include name="jre/lib/ext/cldrdata.jar"/>
      <include name="jre/lib/ext/dnsns.jar"/>
      <include name="jre/lib/ext/jaccess.jar"/>
      <include name="jre/lib/ext/jfxrt.jar"/>
      <include name="jre/lib/ext/localedata.jar"/>
      <include name="jre/lib/ext/nashorn.jar"/>
      <include name="jre/lib/ext/sunec.jar"/>
      <include name="jre/lib/ext/sunjce_provider.jar"/>
      <include name="jre/lib/ext/sunmscapi.jar"/>
      <include name="jre/lib/ext/sunpkcs11.jar"/>
      <include name="jre/lib/ext/zipfs.jar"/>
    </fileset>
  </path>
  
  <property name="project.jdk.home" value="${jdk.home.1.8}"/>
  <property name="project.jdk.bin" value="${jdk.bin.1.8}"/>
  <property name="project.jdk.classpath" value="jdk.classpath.1.8"/>
  <!-- Register Custom Compiler Taskdefs -->
  <property name="javac2.home" value="${idea.home}/lib"/>
  <path id="javac2.classpath">
    <pathelement location="${javac2.home}/javac2.jar"/>
    <pathelement location="${javac2.home}/jdom.jar"/>
    <pathelement location="${javac2.home}/asm-all.jar"/>
    <pathelement location="${javac2.home}/jgoodies-forms.jar"/>
  </path>
  <target name="register.custom.compilers">
    <taskdef name="javac2" classname="com.intellij.ant.Javac2" classpathref="javac2.classpath"/>
    <taskdef name="instrumentIdeaExtensions" classname="com.intellij.ant.InstrumentIdeaExtensions" classpathref="javac2.classpath"/>
  </target>
  
  <!-- Modules -->
  
  
  <!-- Module GOL3 -->
  
  <dirname property="module.gol3.basedir" file="${ant.file}"/>
  
  
  <property name="module.jdk.home.gol3" value="${project.jdk.home}"/>
  <property name="module.jdk.bin.gol3" value="${project.jdk.bin}"/>
  <property name="module.jdk.classpath.gol3" value="${project.jdk.classpath}"/>
  
  <property name="compiler.args.gol3" value="-encoding windows-1252 -source 8 ${compiler.args}"/>
  
  <property name="gol3.output.dir" value="${module.gol3.basedir}/out/production/GOL3"/>
  <property name="gol3.testoutput.dir" value="${module.gol3.basedir}/out/test/GOL3"/>
  
  <path id="gol3.module.bootclasspath">
    <!-- Paths to be included in compilation bootclasspath -->
  </path>
  
  <path id="gol3.module.production.classpath">
    <path refid="${module.jdk.classpath.gol3}"/>
  </path>
  
  <path id="gol3.runtime.production.module.classpath">
    <pathelement location="${gol3.output.dir}"/>
  </path>
  
  <path id="gol3.module.classpath">
    <path refid="${module.jdk.classpath.gol3}"/>
    <pathelement location="${gol3.output.dir}"/>
  </path>
  
  <path id="gol3.runtime.module.classpath">
    <pathelement location="${gol3.testoutput.dir}"/>
    <pathelement location="${gol3.output.dir}"/>
  </path>
  
  
  <patternset id="excluded.from.module.gol3">
    <patternset refid="ignored.files"/>
  </patternset>
  
  <patternset id="excluded.from.compilation.gol3">
    <patternset refid="excluded.from.module.gol3"/>
  </patternset>
  
  <path id="gol3.module.sourcepath">
    <dirset dir="${module.gol3.basedir}">
      <include name="src"/>
    </dirset>
  </path>
  
  
  <target name="compile.module.gol3" depends="compile.module.gol3.production,compile.module.gol3.tests" description="Compile module GOL3"/>
  
  <target name="compile.module.gol3.production" depends="register.custom.compilers" description="Compile module GOL3; production classes">
    <mkdir dir="${gol3.output.dir}"/>
    <javac2 destdir="${gol3.output.dir}" debug="${compiler.debug}" nowarn="${compiler.generate.no.warnings}" memorymaximumsize="${compiler.max.memory}" fork="true" executable="${module.jdk.bin.gol3}/javac">
      <compilerarg line="${compiler.args.gol3}"/>
      <bootclasspath refid="gol3.module.bootclasspath"/>
      <classpath refid="gol3.module.production.classpath"/>
      <src refid="gol3.module.sourcepath"/>
      <patternset refid="excluded.from.compilation.gol3"/>
    </javac2>
    
    <copy todir="${gol3.output.dir}">
      <fileset dir="${module.gol3.basedir}/src">
        <patternset refid="compiler.resources"/>
        <type type="file"/>
      </fileset>
    </copy>
  </target>
  
  <target name="compile.module.gol3.tests" depends="register.custom.compilers,compile.module.gol3.production" description="compile module GOL3; test classes" unless="skip.tests"/>
  
  <target name="clean.module.gol3" description="cleanup module">
    <delete dir="${gol3.output.dir}"/>
    <delete dir="${gol3.testoutput.dir}"/>
  </target>
  
  <target name="init" description="Build initialization">
    <!-- Perform any build initialization in this target -->
  </target>
  
  <target name="clean" depends="clean.module.gol3" description="cleanup all"/>
  
  <target name="build.modules" depends="init, clean, compile.module.gol3" description="build all modules"/>
  
  <target name="all" depends="build.modules" description="build all"/>
</project>